{
  "experiment_name": "multiclass_Baseline_Balanced",
  "model_type": "multiclass_tree",
  "timestamp": "2026-01-19T12:06:46.737372",
  "config": {
    "class_weight": "balanced",
    "max_depth": 10,
    "min_samples_split": 50,
    "min_samples_leaf": 10,
    "features_selected": 100
  },
  "metrics": {
    "precision": 0.023255813953488372,
    "recall": 0.4868421052631579,
    "f1": 0.04439112177564487,
    "tp": "37",
    "total": "76",
    "predicted": "1591",
    "accuracy": 0.34145858105430044,
    "train_time": 33.996177196502686
  },
  "predictions_summary": {
    "total_predictions": 5046,
    "class_distribution": {
      "0": 1702,
      "4": 1591,
      "3": 1064,
      "2": 446,
      "1": 243
    }
  }
}