{
  "experiment_name": "multiclass_Class_4_Focus",
  "model_type": "multiclass_tree",
  "timestamp": "2026-01-19T11:59:11.438768",
  "config": {
    "class_weight": {
      "0": 1.0,
      "1": 3.0,
      "2": 5.0,
      "3": 8.0,
      "4": 20.0
    },
    "max_depth": 10,
    "min_samples_split": 50,
    "min_samples_leaf": 10,
    "features_selected": 100
  },
  "metrics": {
    "precision": 0.020208604954367666,
    "recall": 0.8157894736842105,
    "f1": 0.039440203562340966,
    "tp": "62",
    "total": "76",
    "predicted": "3068",
    "accuracy": 0.3979389615537059,
    "train_time": 33.89639139175415
  },
  "predictions_summary": {
    "total_predictions": 5046,
    "class_distribution": {
      "4": 3068,
      "0": 1978
    }
  }
}