{
  "experiment_name": "multiclass_Conservative",
  "model_type": "multiclass_tree",
  "timestamp": "2026-01-18T22:31:37.079819",
  "config": {
    "class_weight": {
      "0": 1.0,
      "1": 5.0,
      "2": 7.0,
      "3": 10.0,
      "4": 12.0
    },
    "max_depth": 10,
    "min_samples_split": 50,
    "min_samples_leaf": 10,
    "features_selected": 100
  },
  "metrics": {
    "precision": 0.023871527777777776,
    "recall": 0.7236842105263158,
    "f1": 0.046218487394957986,
    "tp": "55",
    "total": "76",
    "predicted": "2304",
    "accuracy": 0.5404280618311534,
    "train_time": 35.44508123397827
  },
  "predictions_summary": {
    "total_predictions": 5046,
    "class_distribution": {
      "0": 2716,
      "4": 2304,
      "3": 20,
      "2": 6
    }
  }
}