{
  "experiment_name": "multiclass_Graduated_Recommended",
  "model_type": "multiclass_tree",
  "timestamp": "2026-01-18T22:33:41.209532",
  "config": {
    "class_weight": {
      "0": 1.0,
      "1": 6.0,
      "2": 9.0,
      "3": 13.0,
      "4": 16.0
    },
    "max_depth": 10,
    "min_samples_split": 50,
    "min_samples_leaf": 10,
    "features_selected": 100
  },
  "metrics": {
    "precision": 0.020076150917272412,
    "recall": 0.7631578947368421,
    "f1": 0.03912310286677909,
    "tp": "58",
    "total": "76",
    "predicted": "2889",
    "accuracy": 0.4223147047166072,
    "train_time": 31.450925827026367
  },
  "predictions_summary": {
    "total_predictions": 5046,
    "class_distribution": {
      "4": 2889,
      "0": 2113,
      "3": 43,
      "2": 1
    }
  }
}