{
  "experiment_name": "multiclass_Balanced_Priority",
  "model_type": "multiclass_tree",
  "timestamp": "2026-01-18T22:34:51.097157",
  "config": {
    "class_weight": {
      "0": 1.0,
      "1": 10.0,
      "2": 10.0,
      "3": 10.0,
      "4": 10.0
    },
    "max_depth": 10,
    "min_samples_split": 50,
    "min_samples_leaf": 10,
    "features_selected": 100
  },
  "metrics": {
    "precision": 0.019978205593897565,
    "recall": 0.7236842105263158,
    "f1": 0.03888299752562743,
    "tp": "55",
    "total": "76",
    "predicted": "2753",
    "accuracy": 0.4225128814902893,
    "train_time": 37.99132704734802
  },
  "predictions_summary": {
    "total_predictions": 5046,
    "class_distribution": {
      "4": 2753,
      "0": 2106,
      "3": 147,
      "2": 23,
      "1": 17
    }
  }
}