{
  "experiment_name": "multiclass_Aggressive",
  "model_type": "multiclass_tree",
  "timestamp": "2026-01-19T11:57:32.713506",
  "config": {
    "class_weight": {
      "0": 1.0,
      "1": 10.0,
      "2": 12.0,
      "3": 15.0,
      "4": 18.0
    },
    "max_depth": 10,
    "min_samples_split": 50,
    "min_samples_leaf": 10,
    "features_selected": 100
  },
  "metrics": {
    "precision": 0.020682523267838676,
    "recall": 0.7894736842105263,
    "f1": 0.040309035942223716,
    "tp": "60",
    "total": "76",
    "predicted": "2901",
    "accuracy": 0.41379310344827586,
    "train_time": 31.29325008392334
  },
  "predictions_summary": {
    "total_predictions": 5046,
    "class_distribution": {
      "4": 2901,
      "0": 2066,
      "3": 62,
      "2": 17
    }
  }
}